disease,fever,cough,sore_throat,ear_pain,runny_nose,stomach_pain,vomiting,diarrhea,headache,rash,difficulty_breathing,wheezing,fatigue,loss_of_appetite,red_eyes
viral_fever,1,1,0,0,0,0,0,0,1,1,0,0,1,1,0
viral_fever,1,1,0,0,1,0,0,0,1,0,0,0,1,0,0
viral_fever,1,0,0,0,0,0,0,0,0,0,0,1,1,1,0
viral_fever,1,1,0,0,0,0,0,0,0,0,0,0,0,1,0
viral_fever,0,0,0,0,0,0,0,1,1,0,0,0,0,1,0
viral_fever,1,0,0,0,0,0,0,0,0,0,0,0,1,1,1
viral_fever,1,0,0,0,0,0,0,0,0,0,1,0,1,0,0
viral_fever,1,1,0,0,0,0,0,0,1,0,0,0,1,0,0
viral_fever,1,0,0,0,1,0,1,0,0,0,0,0,0,0,0
viral_fever,1,1,0,0,0,0,0,0,0,0,0,0,0,1,0
viral_fever,0,0,0,0,0,0,0,0,1,0,0,0,1,0,0
viral_fever,1,1,0,0,0,0,0,0,0,0,0,0,1,1,0
viral_fever,1,0,0,0,0,0,0,0,1,0,0,0,1,0,0
viral_fever,1,0,0,0,0,0,0,0,1,0,0,0,1,1,0
viral_fever,1,0,0,0,0,0,0,0,1,0,0,0,1,0,0
viral_fever,1,0,0,0,0,0,0,0,0,0,0,0,1,0,0
viral_fever,1,0,0,0,0,0,0,0,0,0,0,0,1,1,0
viral_fever,0,1,0,0,0,0,0,0,1,0,0,0,0,0,1
viral_fever,1,1,0,0,0,0,0,0,1,0,0,0,1,1,0
viral_fever,1,0,0,0,0,1,0,0,1,0,0,0,1,1,0
viral_fever,1,0,0,0,0,0,0,0,0,0,0,0,1,1,0
viral_fever,1,0,0,0,0,0,0,0,0,1,0,0,0,0,0
viral_fever,1,1,0,0,0,0,0,0,1,0,0,0,1,1,0
viral_fever,1,0,0,0,0,0,0,0,1,0,0,0,1,1,0
viral_fever,1,0,0,0,0,0,0,0,1,0,0,0,0,0,0
viral_fever,1,0,0,0,0,0,0,0,1,0,0,0,1,0,0
viral_fever,1,0,0,0,1,0,0,0,0,0,0,0,1,0,0
viral_fever,1,1,0,0,0,0,0,0,1,0,1,0,1,0,0
viral_fever,1,0,0,0,0,0,0,1,0,0,0,0,1,0,0
viral_fever,1,1,0,0,0,0,0,0,0,0,0,0,1,0,0
viral_fever,1,0,0,0,0,0,0,0,0,0,0,0,1,1,0
viral_fever,1,1,0,0,0,0,0,0,1,0,0,0,1,0,0
viral_fever,1,1,0,0,0,0,0,0,1,0,0,0,1,1,0
viral_fever,1,0,0,0,0,0,1,0,1,1,0,0,1,1,0
viral_fever,1,0,0,0,0,0,0,0,1,0,0,0,1,0,0
viral_fever,1,0,0,1,0,0,0,0,1,0,0,0,1,0,0
viral_fever,1,0,0,1,0,0,0,0,0,0,0,0,1,0,0
viral_fever,1,1,0,0,0,0,0,0,1,0,0,0,0,0,0
viral_fever,1,0,0,0,0,0,0,0,1,0,0,0,0,1,0
viral_fever,1,0,0,0,1,0,0,0,0,0,0,0,1,1,0
viral_fever,1,0,0,0,0,0,0,0,1,0,0,0,1,1,0
viral_fever,1,0,0,0,0,0,0,0,1,0,0,0,1,1,0
viral_fever,0,0,0,0,0,0,0,1,1,0,0,0,1,1,0
viral_fever,1,0,0,0,0,0,0,0,1,0,0,0,1,1,0
viral_fever,1,0,0,0,0,0,0,0,1,0,0,0,0,1,0
viral_fever,1,0,0,0,0,0,0,0,1,1,0,0,1,1,0
viral_fever,1,0,0,0,0,0,0,0,1,0,0,0,0,1,0
viral_fever,1,0,0,0,0,0,0,0,1,0,0,1,1,1,0
viral_fever,1,0,0,0,0,0,0,0,1,0,0,0,0,1,0
viral_fever,1,0,0,0,0,0,0,0,0,0,0,0,1,1,0
viral_fever,1,0,0,0,0,0,0,0,1,0,0,0,0,1,0
viral_fever,1,0,0,0,0,0,0,0,1,0,0,0,0,1,0
viral_fever,1,0,0,0,0,0,0,0,1,0,0,0,0,0,0
viral_fever,1,0,0,0,0,0,0,0,0,0,0,0,1,0,0
viral_fever,1,0,0,0,0,0,0,1,0,0,0,0,1,0,0
viral_fever,1,1,0,0,0,0,0,0,1,0,0,0,1,1,0
viral_fever,1,0,0,0,0,0,0,0,0,0,0,1,1,0,0
viral_fever,0,0,0,0,0,0,0,0,0,1,0,0,1,1,0
viral_fever,1,0,0,0,0,0,0,0,1,0,0,0,1,0,0
viral_fever,1,1,0,0,0,0,0,0,0,0,0,0,1,0,0
viral_fever,0,1,0,0,0,0,0,0,1,0,0,0,1,0,0
viral_fever,1,0,0,0,0,0,0,0,0,0,0,0,1,0,0
viral_fever,1,0,0,0,0,0,0,0,0,0,0,0,0,0,0
viral_fever,1,0,0,0,0,0,0,0,0,0,0,1,1,1,0
viral_fever,1,0,0,0,0,0,1,0,1,0,0,0,0,0,0
viral_fever,1,1,0,0,0,0,0,0,1,0,0,0,1,0,0
viral_fever,1,1,0,0,0,1,0,0,0,0,0,0,1,0,0
viral_fever,1,1,0,0,0,0,0,0,1,0,0,0,1,1,0
viral_fever,1,1,0,0,0,0,1,0,1,0,0,0,1,1,1
viral_fever,1,1,0,0,0,0,0,0,1,0,0,0,1,0,1
viral_fever,1,0,0,0,0,0,0,0,0,0,0,0,1,0,0
viral_fever,1,0,0,0,0,0,0,0,1,0,0,0,0,0,0
viral_fever,1,1,0,0,0,0,0,0,1,0,0,0,0,1,0
viral_fever,1,0,0,0,0,0,0,0,0,0,0,0,0,0,0
viral_fever,1,1,0,0,0,0,0,0,1,0,0,0,0,0,0
viral_fever,1,0,0,0,0,0,0,0,1,0,0,0,1,0,1
viral_fever,1,1,0,0,0,0,0,0,1,0,0,0,1,1,0
viral_fever,1,0,0,0,0,0,0,0,1,0,1,0,1,1,0
viral_fever,1,1,0,0,1,0,0,0,0,0,0,0,1,0,1
viral_fever,1,0,0,0,0,0,0,0,1,0,0,0,0,0,0
common_cold,0,1,1,0,1,0,0,0,0,0,0,0,0,0,0
common_cold,0,0,1,0,1,0,0,0,0,0,0,0,0,0,0
common_cold,0,1,0,0,1,0,0,0,0,0,0,0,0,0,0
common_cold,0,1,0,0,1,0,0,0,0,0,0,0,0,0,0
common_cold,1,1,1,0,1,0,0,0,0,0,0,0,0,0,0
common_cold,0,1,1,0,1,0,0,0,0,0,0,0,0,0,0
common_cold,1,1,0,0,1,0,0,0,0,0,0,0,0,0,0
common_cold,0,1,1,0,1,0,0,0,0,0,0,0,0,0,0
common_cold,0,0,1,0,1,0,0,0,0,0,0,0,0,0,0
common_cold,1,1,1,0,1,0,0,0,0,0,0,0,0,0,0
common_cold,0,1,0,0,1,0,0,0,0,0,0,0,0,0,0
common_cold,1,0,1,0,0,0,0,0,1,0,0,0,0,0,1
common_cold,0,0,0,0,1,0,0,0,0,0,0,1,0,0,0
common_cold,0,0,1,0,1,0,1,0,0,0,0,0,0,1,0
common_cold,1,1,1,0,1,0,0,0,0,0,0,0,0,0,0
common_cold,0,1,0,0,1,0,0,0,0,0,0,0,1,0,0
common_cold,1,0,1,0,1,0,0,0,0,0,1,0,1,0,0
common_cold,0,1,1,0,1,0,0,0,0,0,0,0,0,0,0
common_cold,0,1,1,0,1,0,0,0,0,0,0,0,0,0,0
common_cold,0,1,0,0,1,0,0,0,0,0,0,0,0,0,0
common_cold,0,0,1,0,1,1,0,0,0,0,0,0,0,0,0
common_cold,0,1,1,0,1,0,0,0,0,0,0,0,0,0,0
common_cold,1,0,1,0,1,0,0,0,0,0,0,0,0,0,0
common_cold,0,0,0,0,1,0,0,0,0,0,0,1,0,0,0
common_cold,0,1,1,0,0,0,0,0,0,0,0,0,0,0,0
common_cold,0,0,0,0,0,0,0,0,0,0,0,0,0,0,0
common_cold,0,0,1,0,1,0,0,0,0,0,0,0,0,0,0
common_cold,0,1,0,1,1,0,0,0,0,0,0,0,0,0,0
common_cold,0,0,0,0,1,0,0,0,0,0,0,0,0,0,0
common_cold,1,1,1,0,1,0,0,0,0,0,0,0,0,0,0
common_cold,0,1,0,0,1,0,0,1,0,0,0,0,0,0,0
common_cold,0,1,1,0,1,0,0,0,0,0,0,0,0,0,0
common_cold,0,0,1,0,1,0,0,0,0,0,0,0,0,0,0
common_cold,1,1,1,0,1,0,0,0,0,0,0,0,0,0,0
common_cold,0,0,1,0,1,0,0,0,0,0,0,1,0,0,0
common_cold,0,1,0,0,1,0,0,0,0,0,1,0,0,1,0
common_cold,1,1,1,0,0,0,0,0,0,0,0,0,0,0,0
common_cold,0,1,1,0,1,0,0,0,0,0,0,0,0,0,0
common_cold,1,0,1,0,0,0,0,0,0,0,0,0,0,0,0
common_cold,1,0,1,0,1,0,0,0,0,0,0,0,0,0,0
common_cold,0,1,1,0,1,0,0,1,0,0,0,0,0,0,0
common_cold,0,1,0,0,1,0,0,0,0,0,0,0,0,0,0
common_cold,0,1,0,0,0,0,1,0,0,0,0,0,0,0,0
common_cold,0,1,1,0,1,0,0,0,0,0,0,0,0,0,0
common_cold,0,1,1,0,1,0,0,0,0,0,0,0,0,0,1
common_cold,0,1,1,0,1,0,0,0,0,0,0,0,0,0,0
common_cold,1,1,0,0,1,0,0,0,0,0,0,0,0,0,0
common_cold,0,1,1,0,1,0,0,0,0,0,0,0,0,0,0
common_cold,0,1,1,0,1,0,0,0,0,0,0,0,1,0,0
common_cold,0,0,1,0,1,0,0,0,0,0,0,0,0,0,0
common_cold,0,1,0,0,1,0,0,0,0,0,0,1,1,0,0
common_cold,0,1,0,0,1,0,0,0,0,0,0,0,0,1,0
common_cold,1,1,1,0,1,0,0,0,0,0,0,0,0,0,0
common_cold,0,1,0,0,1,0,0,0,0,0,0,0,0,0,0
common_cold,0,0,0,0,1,0,0,0,0,0,0,0,0,0,0
common_cold,0,1,0,0,1,0,0,0,0,0,0,0,0,0,0
common_cold,0,0,1,0,1,0,0,0,0,0,1,0,0,0,0
common_cold,0,1,0,0,0,0,0,0,0,0,0,0,0,0,0
common_cold,0,0,0,0,1,0,0,0,0,0,0,0,0,0,0
common_cold,0,1,0,0,1,0,0,0,0,0,0,0,0,0,0
common_cold,0,1,1,1,1,0,0,0,0,0,0,0,1,0,0
common_cold,0,1,0,0,1,1,0,1,0,0,0,1,0,0,0
common_cold,0,1,1,0,1,0,0,0,0,0,0,0,0,0,0
common_cold,0,1,0,0,1,0,0,0,1,0,0,0,0,0,0
common_cold,1,1,1,0,1,0,0,1,0,0,0,0,1,0,0
common_cold,0,1,0,0,1,0,0,0,0,0,0,0,0,0,0
common_cold,0,1,0,0,1,0,0,0,0,0,0,1,0,0,0
common_cold,0,0,1,0,1,0,0,0,0,0,0,0,0,0,0
common_cold,1,1,1,0,1,0,0,0,0,0,1,0,0,0,0
common_cold,0,1,1,0,0,0,0,0,0,0,0,0,0,0,0
common_cold,0,1,1,0,1,0,0,0,0,0,0,0,0,0,0
common_cold,0,0,0,0,1,0,0,0,0,0,0,0,0,0,0
common_cold,1,1,0,0,1,0,0,0,0,0,0,0,0,0,0
common_cold,0,0,0,0,1,0,0,0,0,0,0,0,0,0,0
common_cold,0,1,1,0,1,0,0,0,0,0,0,0,0,1,0
common_cold,0,1,0,0,1,1,0,0,0,0,0,0,0,0,0
common_cold,0,1,1,0,1,0,0,0,0,0,0,0,0,0,0
common_cold,0,1,1,0,1,0,0,0,0,0,0,0,0,0,0
common_cold,1,1,1,0,1,1,0,0,0,0,0,0,0,0,0
common_cold,1,0,1,0,1,0,0,0,0,0,0,0,0,0,0
otitis_media,0,0,0,1,1,0,0,0,0,0,0,0,0,1,0
otitis_media,0,0,0,0,0,0,0,0,0,0,0,1,0,0,0
otitis_media,1,0,0,1,0,0,0,1,0,0,0,0,0,0,0
otitis_media,0,0,0,1,0,0,0,0,1,0,0,0,0,0,0
otitis_media,1,0,0,1,0,0,0,0,0,0,0,0,0,0,0
otitis_media,1,0,0,1,0,0,0,0,0,0,0,0,0,0,0
otitis_media,0,0,0,0,0,0,0,0,0,0,0,0,0,0,0
otitis_media,1,0,0,1,1,0,0,0,0,0,0,1,0,0,0
otitis_media,1,0,0,1,0,0,0,0,0,0,0,0,0,0,0
otitis_media,0,1,0,1,0,0,0,0,1,0,0,0,0,0,0
otitis_media,0,0,0,1,0,0,0,0,0,0,0,0,0,1,0
otitis_media,1,0,0,1,0,0,0,0,0,0,0,0,0,1,0
otitis_media,1,0,0,1,0,0,0,1,0,0,0,0,0,0,0
otitis_media,0,0,0,1,0,0,0,0,0,0,0,0,0,0,0
otitis_media,0,0,0,1,0,0,0,0,0,0,0,0,0,0,0
otitis_media,1,0,0,1,1,0,0,0,0,0,0,0,1,1,0
otitis_media,1,0,0,1,0,0,0,0,0,0,0,0,0,0,0
otitis_media,0,0,0,1,0,0,0,0,0,0,0,0,0,0,0
otitis_media,1,0,0,1,0,0,0,0,0,0,0,0,0,0,0
otitis_media,0,0,1,1,1,0,0,0,0,0,0,0,0,1,0
otitis_media,1,0,0,1,0,1,0,0,0,0,0,0,0,0,0
otitis_media,0,0,0,1,0,0,0,0,0,0,0,0,0,0,0
otitis_media,1,0,0,1,0,1,0,0,0,0,0,0,0,0,0
otitis_media,0,0,0,1,0,0,0,0,0,0,1,0,0,0,0
otitis_media,1,0,0,1,0,0,0,0,0,0,0,0,0,1,0
otitis_media,1,0,0,1,0,0,0,0,0,0,0,0,0,1,0
otitis_media,1,0,0,1,1,0,0,0,0,0,0,0,0,1,0
otitis_media,0,0,1,1,0,0,0,0,0,0,0,0,1,0,0
otitis_media,0,0,0,1,1,1,0,0,0,0,0,0,0,0,0
otitis_media,0,1,0,1,0,0,0,0,0,1,0,0,0,0,0
otitis_media,1,0,0,1,1,0,0,1,0,0,0,0,0,1,0
otitis_media,1,0,0,1,0,0,0,0,0,0,0,0,0,0,0
otitis_media,1,0,0,1,0,0,0,0,0,0,0,0,0,1,0
otitis_media,0,0,0,1,0,0,0,0,0,0,0,0,0,0,1
otitis_media,0,0,0,1,1,0,0,0,0,0,0,0,0,0,1
otitis_media,0,0,0,1,0,0,0,1,0,0,0,0,0,0,0
otitis_media,0,0,0,1,1,0,0,0,0,0,0,0,0,0,0
otitis_media,1,0,0,1,0,0,0,0,0,0,0,0,1,0,0
otitis_media,0,0,0,1,1,0,0,0,0,0,0,0,0,0,0
otitis_media,1,0,0,1,1,1,0,0,0,0,0,0,0,1,0
otitis_media,0,0,0,1,1,0,0,0,0,0,0,0,0,0,0
otitis_media,1,0,0,1,1,0,0,0,0,0,0,0,0,0,0
otitis_media,1,0,0,1,0,0,0,0,0,0,0,0,0,1,0
otitis_media,1,0,0,1,0,0,0,0,0,0,0,0,0,1,0
otitis_media,1,0,0,1,0,0,0,0,0,0,0,0,0,0,0
otitis_media,0,0,0,1,1,0,0,0,0,0,0,0,0,0,0
otitis_media,0,0,0,1,0,0,0,0,0,0,0,0,0,1,0
otitis_media,1,0,0,1,0,0,0,0,0,0,0,0,0,0,0
otitis_media,1,0,0,1,0,0,0,0,0,1,0,0,0,0,1
otitis_media,0,0,0,1,0,0,1,0,0,0,0,0,0,0,0
otitis_media,0,0,0,1,0,0,0,0,0,0,0,0,0,0,0
otitis_media,1,0,0,1,0,1,0,0,0,0,0,0,0,1,0
otitis_media,1,0,0,1,0,0,0,0,0,0,0,0,0,0,0
otitis_media,1,0,0,0,0,0,0,0,0,1,0,0,1,0,0
otitis_media,0,1,0,1,0,0,0,0,0,0,0,0,0,0,0
otitis_media,1,0,0,1,0,0,0,0,0,0,0,0,0,1,0
otitis_media,0,0,0,1,0,0,0,0,0,0,0,0,0,1,0
otitis_media,1,1,0,1,1,0,0,0,0,0,0,0,0,0,0
otitis_media,1,0,0,1,0,0,0,0,0,0,0,0,0,0,0
otitis_media,1,0,0,1,0,0,0,0,0,0,0,0,0,1,0
otitis_media,1,0,0,1,0,0,0,0,0,0,0,0,0,1,0
otitis_media,0,0,0,1,0,0,0,0,0,0,0,1,0,1,1
otitis_media,1,0,0,1,0,0,0,0,0,0,0,0,0,1,0
otitis_media,0,0,0,1,0,0,0,0,0,0,0,0,0,0,0
otitis_media,0,0,0,1,0,1,0,0,0,1,0,0,0,1,0
otitis_media,1,0,0,1,1,0,0,0,0,0,0,0,0,0,0
otitis_media,0,0,0,1,1,0,0,0,0,0,0,1,0,1,0
otitis_media,1,1,0,1,0,0,0,0,0,0,0,0,0,0,0
otitis_media,1,0,0,1,1,0,0,0,0,0,1,0,0,1,0
otitis_media,1,0,0,1,0,0,0,0,0,0,0,0,0,0,0
otitis_media,0,0,0,1,0,0,0,0,0,0,0,1,0,0,0
otitis_media,1,0,0,1,1,0,0,0,0,0,0,0,0,0,0
otitis_media,1,0,0,1,1,0,0,0,0,0,0,0,0,1,0
otitis_media,0,0,0,1,1,0,0,0,0,0,0,0,0,0,0
otitis_media,1,0,0,1,1,0,0,1,0,0,0,0,0,1,0
otitis_media,0,0,0,1,0,0,0,0,0,0,0,0,0,1,0
otitis_media,0,0,0,1,1,0,0,0,0,0,0,0,0,1,0
otitis_media,0,0,0,1,0,0,0,0,0,0,0,0,0,0,1
otitis_media,0,0,0,1,0,0,0,0,0,0,0,0,0,1,0
otitis_media,0,0,0,0,0,0,0,0,0,0,0,0,0,0,0
pharyngitis,0,1,1,0,0,0,0,0,0,0,0,0,0,0,0
pharyngitis,0,0,1,0,0,0,0,0,0,1,0,0,0,0,0
pharyngitis,1,1,1,0,0,0,1,0,1,0,0,0,0,0,0
pharyngitis,0,0,1,0,0,0,0,0,1,0,1,0,0,0,0
pharyngitis,0,0,1,0,0,0,0,0,0,0,0,0,0,0,0
pharyngitis,1,0,1,0,0,0,0,0,1,0,0,0,0,0,0
pharyngitis,1,0,1,0,0,0,0,0,0,0,0,0,0,0,0
pharyngitis,1,1,1,0,0,0,0,1,0,0,0,0,0,0,0
pharyngitis,1,0,0,0,0,0,0,0,1,0,0,1,0,0,0
pharyngitis,0,1,0,0,1,0,0,0,0,0,0,0,0,0,0
pharyngitis,0,0,1,0,0,0,0,0,0,0,0,0,0,0,0
pharyngitis,1,1,1,0,0,0,0,0,0,0,0,0,0,0,0
pharyngitis,0,0,1,0,0,0,0,0,0,0,0,0,0,0,0
pharyngitis,0,0,0,0,0,0,1,0,0,0,0,0,0,0,0
pharyngitis,0,0,1,0,0,0,0,0,0,0,0,0,0,0,0
pharyngitis,1,1,1,0,0,0,0,0,0,0,0,0,0,0,0
pharyngitis,0,0,1,0,1,0,0,0,0,0,0,0,0,0,0
pharyngitis,1,0,1,0,0,0,0,0,1,0,0,0,1,0,1
pharyngitis,0,0,1,0,0,0,0,0,0,0,0,0,0,0,0
pharyngitis,0,0,1,0,0,0,0,0,0,0,0,0,0,0,0
pharyngitis,1,0,1,0,0,0,1,0,0,0,0,0,1,0,0
pharyngitis,0,0,1,0,0,0,0,0,1,0,0,0,0,0,0
pharyngitis,1,0,1,0,0,0,0,0,1,0,0,0,0,0,0
pharyngitis,1,0,1,0,0,0,0,0,1,1,0,0,0,1,0
pharyngitis,1,1,1,0,0,0,1,0,0,0,0,0,0,0,0
pharyngitis,0,0,1,0,0,0,0,0,1,0,0,0,0,0,0
pharyngitis,0,0,1,0,0,0,0,1,0,0,0,0,0,0,0
pharyngitis,0,0,1,0,0,1,0,0,0,0,0,0,0,0,0
pharyngitis,1,1,1,0,0,0,0,0,1,0,0,0,0,1,0
pharyngitis,0,0,1,0,0,0,0,0,1,0,0,0,0,0,0
pharyngitis,1,0,1,0,0,0,0,0,0,0,0,0,0,0,0
pharyngitis,1,0,1,0,0,0,1,0,1,0,0,0,0,0,1
pharyngitis,1,0,1,0,0,0,0,0,0,0,0,0,0,0,1
pharyngitis,0,0,1,0,1,0,1,0,0,0,0,0,0,0,0
pharyngitis,1,1,1,0,0,0,0,0,0,0,0,0,0,0,0
pharyngitis,1,1,0,0,0,0,0,0,0,0,0,0,0,0,0
pharyngitis,1,0,1,0,0,0,0,0,1,0,0,0,1,0,0
pharyngitis,1,0,1,0,0,0,0,0,1,0,0,0,0,0,0
pharyngitis,0,1,1,0,0,0,0,0,0,0,0,0,0,1,0
pharyngitis,0,0,0,0,0,0,0,0,1,0,0,0,0,0,0
pharyngitis,0,0,1,0,0,0,0,0,1,0,0,0,0,0,0
pharyngitis,1,0,1,0,0,0,0,0,0,0,0,0,0,0,0
pharyngitis,1,1,1,0,0,0,0,0,1,0,0,0,0,0,0
pharyngitis,1,0,1,0,0,0,0,0,0,0,0,0,0,0,0
pharyngitis,1,1,1,0,0,0,0,0,0,0,0,0,0,0,0
pharyngitis,1,0,1,0,0,0,0,0,0,0,0,0,0,0,0
pharyngitis,0,1,1,0,0,0,0,0,1,1,0,0,0,0,0
pharyngitis,1,1,1,0,0,1,0,0,1,0,0,0,0,0,0
pharyngitis,1,0,1,0,1,0,0,0,0,0,0,0,0,0,0
pharyngitis,1,0,1,0,0,0,0,0,1,0,0,0,0,0,0
pharyngitis,1,0,1,0,0,1,0,0,0,1,0,0,0,1,0
pharyngitis,1,0,1,0,0,0,0,0,0,0,0,0,0,0,0
pharyngitis,0,0,1,0,0,0,0,0,1,0,0,1,1,0,0
pharyngitis,1,1,1,0,0,0,0,0,1,0,0,0,0,0,0
pharyngitis,0,1,1,0,0,0,0,0,0,0,0,0,0,0,0
pharyngitis,1,0,1,0,0,0,0,0,1,0,1,0,0,0,0
pharyngitis,1,0,1,0,0,0,0,0,1,0,0,1,1,0,0
pharyngitis,0,0,1,0,0,0,0,0,0,0,0,0,0,0,0
pharyngitis,0,0,1,0,0,0,0,0,1,0,0,0,0,0,0
pharyngitis,1,0,1,0,0,0,0,0,1,0,0,0,1,0,0
pharyngitis,1,1,1,0,0,0,0,0,1,0,0,0,0,0,0
pharyngitis,1,0,1,0,0,0,0,0,1,0,0,0,0,0,0
pharyngitis,1,0,1,0,0,0,0,0,0,0,0,0,0,0,0
pharyngitis,0,1,1,0,0,0,0,0,0,0,0,0,0,0,0
pharyngitis,0,0,1,0,0,0,0,0,1,0,0,0,0,0,0
pharyngitis,1,0,0,0,0,0,0,0,0,0,0,0,0,0,0
pharyngitis,1,0,1,0,0,0,0,0,1,0,0,1,0,0,0
pharyngitis,0,0,0,0,1,0,0,0,0,0,0,0,0,0,0
pharyngitis,0,0,1,0,0,0,0,0,1,0,0,0,0,0,0
pharyngitis,0,0,1,0,0,0,0,1,0,0,0,1,0,0,0
pharyngitis,1,1,1,0,0,0,0,0,1,0,0,0,0,1,0
pharyngitis,1,0,1,0,0,0,0,0,1,0,0,0,0,0,0
pharyngitis,0,1,1,0,0,0,0,1,1,0,0,0,0,0,1
pharyngitis,0,1,1,0,0,0,0,0,0,0,0,1,0,0,0
pharyngitis,1,1,1,0,0,0,0,0,1,0,1,0,0,1,0
pharyngitis,1,0,1,0,0,1,0,0,0,0,0,1,0,0,0
pharyngitis,1,0,1,0,0,0,0,0,0,0,1,0,0,0,0
pharyngitis,1,0,1,0,0,0,0,0,0,0,0,0,1,0,0
pharyngitis,1,0,1,0,0,0,0,0,1,0,0,0,0,0,0
pharyngitis,1,1,1,0,0,0,0,0,1,0,0,0,0,0,0
strep_throat,1,0,1,0,0,0,0,0,1,0,0,0,0,0,0
strep_throat,1,0,1,0,0,1,0,0,1,0,0,0,0,0,0
strep_throat,1,0,1,0,0,1,1,0,1,0,0,0,0,0,0
strep_throat,0,0,1,0,0,0,0,0,1,0,0,0,0,0,0
strep_throat,1,0,1,0,0,0,1,0,0,0,0,0,0,0,1
strep_throat,1,0,1,0,0,0,0,0,0,0,0,0,0,0,0
strep_throat,0,0,1,0,0,1,0,0,1,0,0,0,0,0,0
strep_throat,1,0,1,0,0,0,0,0,0,0,0,0,0,0,0
strep_throat,1,0,1,0,0,0,0,0,0,0,0,0,0,0,0
strep_throat,0,0,1,0,0,0,0,0,1,0,0,0,0,0,0
strep_throat,1,0,1,1,0,0,0,0,0,1,0,0,0,0,0
strep_throat,1,0,1,0,0,0,0,0,1,0,0,0,0,0,0
strep_throat,1,0,1,0,0,0,0,0,0,0,0,0,0,0,0
strep_throat,1,0,1,0,0,1,0,0,0,0,0,0,0,0,1
strep_throat,1,0,1,0,0,0,0,0,0,0,1,0,0,0,0
strep_throat,1,0,1,0,0,0,0,1,1,0,0,0,0,0,0
strep_throat,1,0,1,0,0,0,0,0,0,0,0,0,0,0,0
strep_throat,1,0,1,0,0,1,0,0,0,0,0,0,0,0,0
strep_throat,1,1,1,0,0,0,0,0,1,0,0,0,0,0,1
strep_throat,1,0,1,0,0,0,0,0,0,0,0,0,0,0,0
strep_throat,1,0,1,0,0,0,0,0,1,0,0,0,0,0,0
strep_throat,1,0,1,0,0,1,0,0,1,0,0,0,0,0,0
strep_throat,1,0,1,0,0,0,0,0,1,0,0,0,0,0,0
strep_throat,1,0,1,0,0,0,0,0,0,0,0,0,0,0,0
strep_throat,1,0,1,0,0,1,0,0,0,0,0,0,0,0,0
strep_throat,1,1,1,0,0,1,0,0,1,0,0,0,0,0,0
strep_throat,1,0,1,0,0,0,0,0,0,0,0,0,0,0,0
strep_throat,1,0,1,0,0,0,0,0,0,0,0,0,0,0,0
strep_throat,1,0,1,0,0,0,0,0,1,0,0,0,0,0,0
strep_throat,1,0,1,0,0,0,0,0,1,0,1,0,0,0,0
strep_throat,1,0,1,0,0,0,0,0,1,0,0,0,0,0,0
strep_throat,1,0,1,0,0,0,0,0,0,0,0,1,0,0,0
strep_throat,0,0,1,0,0,0,0,0,1,0,0,0,0,0,0
strep_throat,1,0,1,0,0,0,0,0,0,0,0,0,0,0,0
strep_throat,0,0,1,0,0,0,0,0,0,0,0,0,0,0,0
strep_throat,1,0,1,0,0,0,0,0,0,0,1,0,0,0,0
strep_throat,1,0,1,0,0,0,0,0,1,0,0,0,0,0,0
strep_throat,1,0,1,0,0,0,0,0,0,0,0,0,0,0,0
strep_throat,0,0,1,0,0,1,0,0,1,0,0,0,0,0,0
strep_throat,1,0,1,0,0,0,0,0,1,0,1,0,0,0,0
strep_throat,1,1,1,0,0,0,0,0,1,0,0,0,0,0,0
strep_throat,1,0,1,0,0,1,0,0,0,1,0,0,0,0,0
strep_throat,1,1,1,0,0,0,0,0,0,0,0,0,0,0,0
strep_throat,0,0,1,0,0,0,0,0,1,0,0,0,0,0,0
strep_throat,1,0,1,0,0,1,0,0,0,0,0,0,0,0,0
strep_throat,1,0,1,0,0,0,0,0,0,0,0,0,0,0,0
strep_throat,0,0,1,0,0,0,0,0,0,0,1,0,0,0,0
strep_throat,0,0,1,0,0,0,0,0,0,0,0,0,0,0,1
strep_throat,1,0,1,0,0,0,0,0,0,0,0,0,0,0,0
strep_throat,1,0,1,0,0,0,1,0,0,1,0,0,0,0,0
strep_throat,0,0,1,0,1,1,0,0,0,1,0,0,0,1,0
strep_throat,1,0,1,0,0,1,0,0,1,0,0,0,0,0,0
strep_throat,0,0,1,0,0,0,0,0,1,0,0,0,0,0,0
strep_throat,1,0,1,0,0,1,0,1,1,0,0,0,0,0,0
strep_throat,1,0,1,0,0,0,0,1,1,0,0,0,0,0,1
strep_throat,1,0,1,0,0,0,0,0,0,0,0,0,0,0,0
strep_throat,1,0,1,1,0,1,0,0,0,0,1,0,0,0,0
strep_throat,1,0,1,0,0,0,0,0,1,0,0,0,0,0,0
strep_throat,1,0,1,0,0,0,0,0,1,0,0,0,0,0,0
strep_throat,1,0,1,0,0,0,0,0,0,0,0,0,0,0,0
strep_throat,0,0,0,0,0,1,0,0,1,0,0,0,0,0,0
strep_throat,1,0,1,0,0,1,0,0,0,0,0,0,0,1,0
strep_throat,0,0,1,0,0,0,0,0,0,0,1,0,0,0,0
strep_throat,1,0,1,0,0,1,0,0,1,0,0,0,0,0,0
strep_throat,1,0,1,0,0,0,0,0,1,0,0,0,0,0,0
strep_throat,1,0,1,0,0,0,0,0,1,0,0,0,0,0,0
strep_throat,1,0,1,0,0,0,0,0,1,0,0,0,0,0,0
strep_throat,0,0,1,0,0,0,0,0,0,0,0,0,0,0,0
strep_throat,1,0,1,0,0,1,0,0,1,0,0,0,0,0,0
strep_throat,1,0,1,0,0,1,0,0,1,0,0,0,1,0,0
strep_throat,1,0,1,0,0,0,0,0,1,0,1,0,0,0,0
strep_throat,1,1,1,0,0,0,0,0,0,0,0,0,0,0,1
strep_throat,1,0,1,0,0,1,0,0,0,0,0,0,0,0,0
strep_throat,0,0,1,0,0,0,0,0,1,0,0,0,0,0,1
strep_throat,1,0,1,0,0,1,0,0,0,0,0,0,0,0,0
strep_throat,1,0,0,0,0,0,0,0,0,0,0,0,0,0,0
strep_throat,1,0,1,0,0,0,0,0,0,0,0,0,0,0,0
strep_throat,1,0,1,0,0,1,0,0,1,0,0,1,1,0,0
strep_throat,0,0,1,0,0,0,0,0,1,0,0,0,0,0,0
strep_throat,0,0,1,0,0,0,0,0,1,0,0,0,0,0,0
bronchiolitis,0,0,0,0,1,0,0,0,0,0,0,1,0,0,0
bronchiolitis,1,1,0,0,1,0,1,0,0,0,1,0,0,0,0
bronchiolitis,1,1,0,0,1,0,0,0,0,0,1,0,0,0,0
bronchiolitis,1,1,0,0,0,0,0,1,0,0,0,1,0,0,0
bronchiolitis,1,1,0,0,0,0,1,0,0,0,1,1,0,0,0
bronchiolitis,0,1,0,0,0,0,0,0,0,0,0,1,0,0,0
bronchiolitis,1,1,0,0,1,0,0,0,0,0,0,1,0,0,0
bronchiolitis,1,1,0,0,1,0,0,0,0,0,0,1,0,0,0
bronchiolitis,0,1,1,0,1,0,0,0,0,0,1,1,0,0,0
bronchiolitis,0,1,0,0,0,0,0,0,0,0,1,1,0,0,0
bronchiolitis,0,1,0,0,1,0,0,0,0,0,0,1,0,0,0
bronchiolitis,0,1,0,0,1,0,0,0,0,0,1,1,0,0,0
bronchiolitis,0,0,0,0,1,0,0,0,0,0,0,1,0,0,0
bronchiolitis,1,1,0,0,1,0,0,0,0,0,1,1,0,0,0
bronchiolitis,0,1,0,0,1,0,0,0,0,0,1,0,0,0,0
bronchiolitis,0,1,0,0,1,1,1,0,0,0,1,0,0,0,0
bronchiolitis,1,1,0,0,0,0,0,0,0,0,1,1,0,0,0
bronchiolitis,0,1,0,0,0,0,0,0,0,0,1,1,0,0,0
bronchiolitis,0,1,0,0,0,0,0,0,0,1,0,1,0,0,0
bronchiolitis,0,1,0,0,0,0,0,0,0,0,0,1,0,0,0
bronchiolitis,0,1,0,0,1,0,0,0,0,0,0,1,0,0,0
bronchiolitis,0,1,0,0,1,0,0,0,0,0,1,1,0,0,0
bronchiolitis,0,1,0,0,0,0,0,0,0,0,1,1,0,0,1
bronchiolitis,1,1,0,0,0,0,0,0,0,1,0,1,0,0,0
bronchiolitis,0,1,0,0,0,0,0,0,0,0,1,0,0,0,0
bronchiolitis,0,1,0,0,1,0,0,0,0,0,1,1,0,0,0
bronchiolitis,0,1,0,0,1,0,0,0,0,0,1,1,0,1,0
bronchiolitis,0,1,0,0,0,0,0,0,0,0,1,0,0,0,0
bronchiolitis,1,0,0,0,1,0,0,0,0,0,0,1,0,0,0
bronchiolitis,1,1,0,0,1,0,0,0,0,0,0,1,0,0,0
bronchiolitis,0,1,0,1,1,0,0,0,0,0,1,1,0,0,0
bronchiolitis,0,1,0,0,0,0,0,0,0,0,1,0,0,0,0
bronchiolitis,1,1,0,0,1,0,0,0,0,0,0,1,0,0,0
bronchiolitis,0,1,0,0,0,0,0,0,0,0,1,1,0,0,0
bronchiolitis,0,1,0,0,0,0,0,0,0,0,1,1,0,0,0
bronchiolitis,0,1,0,0,1,0,0,0,0,0,0,1,0,0,0
bronchiolitis,1,1,0,0,0,0,0,0,1,0,1,1,0,0,0
bronchiolitis,0,1,0,0,0,0,0,0,0,0,1,1,0,0,0
bronchiolitis,0,0,0,0,0,0,0,0,0,0,0,1,0,0,0
bronchiolitis,0,1,0,0,1,0,0,0,0,0,1,1,0,0,0
bronchiolitis,0,1,0,0,0,0,0,0,0,0,1,1,0,0,0
bronchiolitis,0,1,0,0,0,1,0,0,0,0,0,0,0,0,0
bronchiolitis,0,1,0,0,1,0,0,0,0,0,0,0,0,0,1
bronchiolitis,0,1,0,0,0,0,0,0,0,0,1,0,0,0,0
bronchiolitis,0,1,0,0,1,0,0,0,0,0,0,1,0,0,0
bronchiolitis,0,1,0,0,0,0,0,1,0,0,1,1,0,0,0
bronchiolitis,0,1,0,0,1,0,0,0,0,0,1,1,0,1,0
bronchiolitis,0,1,0,0,1,0,0,0,0,0,1,1,0,0,0
bronchiolitis,1,1,0,0,0,0,0,0,0,0,0,1,0,0,0
bronchiolitis,1,1,0,0,0,0,0,0,0,0,0,1,0,0,0
bronchiolitis,1,1,1,0,1,0,0,0,0,0,1,1,0,0,0
bronchiolitis,0,1,1,0,1,0,0,0,0,0,1,1,0,0,1
bronchiolitis,0,1,0,0,0,0,0,0,0,0,1,1,0,0,0
bronchiolitis,0,1,0,0,1,0,0,0,0,0,1,1,1,0,0
bronchiolitis,1,1,0,0,1,0,0,0,0,0,0,0,0,0,0
bronchiolitis,0,1,0,0,1,0,0,0,0,0,1,1,0,0,0
bronchiolitis,1,1,0,0,1,0,0,1,0,0,1,1,0,0,0
bronchiolitis,1,1,0,0,1,0,0,0,0,0,1,1,0,0,0
bronchiolitis,0,1,0,0,1,0,0,0,0,0,1,1,0,0,0
bronchiolitis,0,1,0,0,1,0,0,0,0,0,1,1,0,0,0
bronchiolitis,0,1,0,0,1,0,0,0,0,0,0,1,1,0,1
bronchiolitis,0,0,0,0,0,0,0,0,0,0,0,1,0,0,0
bronchiolitis,0,1,0,0,1,0,0,0,1,0,1,0,0,0,0
bronchiolitis,0,1,0,0,0,0,0,0,0,1,1,1,0,0,0
bronchiolitis,1,1,0,0,0,0,1,0,0,0,0,1,0,0,0
bronchiolitis,1,1,0,1,0,0,0,0,0,0,0,0,0,0,0
bronchiolitis,0,1,0,0,0,0,0,0,0,0,1,1,0,0,0
bronchiolitis,0,1,0,0,0,0,0,0,0,0,1,1,0,0,0
bronchiolitis,0,0,0,0,0,0,0,0,0,0,0,1,0,0,0
bronchiolitis,0,1,0,0,1,0,0,1,0,0,0,1,0,0,0
bronchiolitis,0,1,0,0,1,0,0,0,0,0,1,1,0,0,0
bronchiolitis,0,1,0,0,1,0,0,0,0,0,0,1,0,0,0
bronchiolitis,0,0,0,0,0,0,0,0,0,0,1,1,0,0,0
bronchiolitis,0,1,0,0,1,0,0,0,0,1,0,1,0,0,0
bronchiolitis,0,1,0,1,0,1,0,0,0,0,1,1,0,0,0
bronchiolitis,1,1,0,0,1,0,0,1,0,0,1,1,0,0,0
bronchiolitis,1,1,0,0,1,0,0,0,0,0,1,1,0,0,0
bronchiolitis,1,0,0,0,1,0,0,0,0,0,1,0,0,0,0
bronchiolitis,0,1,0,0,1,0,0,0,0,1,0,1,0,0,0
bronchiolitis,1,1,0,0,1,0,0,0,0,0,1,1,0,0,0
gastroenteritis,0,0,0,0,0,0,1,1,0,0,0,0,1,0,0
gastroenteritis,1,0,0,0,0,0,1,1,0,0,0,0,1,0,0
gastroenteritis,0,0,0,0,0,1,1,1,1,0,0,0,0,1,0
gastroenteritis,0,0,0,0,0,0,1,1,0,0,0,0,0,1,0
gastroenteritis,1,0,0,0,0,1,1,1,0,0,0,0,0,1,0
gastroenteritis,0,0,0,0,0,1,1,1,0,0,0,0,0,1,0
gastroenteritis,0,0,0,0,0,1,1,1,0,0,0,0,1,1,0
gastroenteritis,0,1,0,0,0,1,1,1,0,0,0,0,0,1,0
gastroenteritis,1,0,0,0,0,1,1,1,0,0,0,0,0,1,0
gastroenteritis,1,1,0,0,0,1,0,1,0,0,0,0,0,1,0
gastroenteritis,1,0,0,0,0,1,1,1,0,0,0,0,0,1,0
gastroenteritis,1,0,0,0,0,1,1,1,0,0,0,0,0,0,0
gastroenteritis,1,0,0,0,0,0,1,1,0,0,0,1,0,0,0
gastroenteritis,0,0,0,0,0,1,0,1,0,0,0,0,0,1,0
gastroenteritis,0,0,0,0,0,0,1,1,1,0,0,0,0,0,0
gastroenteritis,1,0,0,0,0,1,1,1,0,0,0,0,0,1,1
gastroenteritis,1,0,0,0,0,1,1,1,0,0,1,0,0,0,0
gastroenteritis,0,0,0,0,0,0,0,0,0,0,0,0,0,0,0
gastroenteritis,1,0,0,0,0,1,1,1,0,0,0,0,0,0,0
gastroenteritis,0,0,0,0,0,1,1,1,0,0,0,0,0,1,0
gastroenteritis,0,0,0,0,0,0,1,1,0,0,0,0,0,0,0
gastroenteritis,0,0,0,0,0,1,1,1,0,0,0,0,0,0,0
gastroenteritis,1,0,0,0,0,1,1,1,0,0,0,0,0,1,0
gastroenteritis,1,0,0,0,0,1,1,0,0,0,0,0,1,1,0
gastroenteritis,0,0,0,0,0,1,1,1,0,0,0,0,0,1,0
gastroenteritis,0,0,0,0,0,1,1,1,0,0,0,0,0,1,0
gastroenteritis,1,0,0,0,0,1,1,1,0,0,1,0,0,1,0
gastroenteritis,1,0,0,0,0,0,1,1,0,0,0,0,0,0,0
gastroenteritis,1,0,1,0,0,1,1,0,0,0,0,0,0,1,0
gastroenteritis,0,0,0,0,0,1,1,0,0,0,0,0,0,1,0
gastroenteritis,0,0,0,0,0,1,1,1,0,0,0,0,0,1,0
gastroenteritis,0,0,0,0,0,0,1,1,0,0,0,0,0,1,0
gastroenteritis,1,0,0,0,0,0,1,1,0,0,0,0,0,1,0
gastroenteritis,0,0,0,0,0,1,1,1,0,0,0,0,0,1,0
gastroenteritis,0,0,1,0,0,1,1,1,0,0,0,0,0,0,0
gastroenteritis,1,1,0,0,0,1,1,1,0,0,0,0,1,0,0
gastroenteritis,0,0,0,0,0,0,1,1,0,1,0,0,0,1,0
gastroenteritis,1,0,0,0,0,1,1,1,0,0,0,0,0,1,0
gastroenteritis,0,0,0,0,0,1,1,1,0,0,0,0,0,1,0
gastroenteritis,0,0,0,0,0,1,0,1,0,0,0,0,0,1,0
gastroenteritis,0,0,0,0,0,1,0,1,0,0,0,0,0,1,0
gastroenteritis,1,0,0,0,0,0,1,1,0,0,0,0,0,1,0
gastroenteritis,1,0,0,0,0,1,1,1,0,0,0,0,0,1,0
gastroenteritis,1,0,0,0,0,1,1,1,0,0,0,0,1,0,0
gastroenteritis,1,0,0,0,0,1,1,0,0,0,0,0,0,1,0
gastroenteritis,1,0,0,0,0,0,1,0,0,0,0,0,0,0,0
gastroenteritis,0,1,0,0,0,0,1,1,0,0,0,0,0,0,0
gastroenteritis,1,0,0,0,1,1,1,1,0,0,0,0,0,0,0
gastroenteritis,0,1,0,0,0,1,1,1,0,0,0,0,0,0,0
gastroenteritis,0,0,0,1,0,1,1,1,0,0,0,0,0,0,0
gastroenteritis,0,1,0,0,0,1,1,0,0,0,0,0,0,1,0
gastroenteritis,0,0,0,0,0,0,1,1,0,0,0,0,0,1,0
gastroenteritis,0,0,1,0,0,1,1,1,0,0,0,0,0,0,0
gastroenteritis,0,0,0,0,0,1,0,1,0,0,0,0,0,1,0
gastroenteritis,1,0,0,0,0,1,1,1,0,0,0,0,1,0,0
gastroenteritis,0,0,0,0,0,1,0,0,0,0,0,0,0,1,0
gastroenteritis,1,0,0,0,0,1,1,1,0,0,0,0,0,0,0
gastroenteritis,0,0,0,0,0,1,1,1,0,0,0,0,0,0,0
gastroenteritis,0,0,0,0,0,0,1,1,0,0,0,0,0,1,0
gastroenteritis,0,0,0,0,0,1,1,1,0,0,0,0,0,1,0
gastroenteritis,0,0,0,0,0,1,1,1,0,0,0,0,0,1,0
gastroenteritis,0,0,0,0,0,1,1,1,0,0,0,0,0,1,0
gastroenteritis,1,0,0,0,0,1,1,1,0,0,1,0,0,0,0
gastroenteritis,1,0,0,0,0,1,1,1,0,0,0,0,0,1,0
gastroenteritis,0,0,0,0,0,1,1,0,0,0,0,0,0,1,0
gastroenteritis,1,0,0,0,0,0,1,1,0,0,0,0,0,0,0
gastroenteritis,0,0,0,0,0,0,1,1,0,0,0,0,0,1,0
gastroenteritis,0,0,0,0,0,1,1,1,0,0,0,0,0,0,1
gastroenteritis,0,0,0,0,0,0,1,1,0,0,0,0,0,0,0
gastroenteritis,0,0,0,0,1,1,1,1,0,0,0,0,0,0,0
gastroenteritis,0,0,0,0,0,1,1,1,0,0,1,0,0,1,0
gastroenteritis,0,0,0,0,0,1,1,1,0,0,0,0,1,1,0
gastroenteritis,0,0,0,0,0,0,1,1,0,0,0,0,0,1,0
gastroenteritis,1,0,0,0,0,0,1,0,0,0,0,0,0,1,0
gastroenteritis,0,0,0,0,0,1,1,1,0,0,0,0,0,0,0
gastroenteritis,1,0,0,0,0,1,1,1,0,0,0,0,0,1,0
gastroenteritis,1,0,0,0,0,0,0,1,0,0,0,0,0,1,0
gastroenteritis,0,0,1,0,0,1,1,1,0,0,0,0,0,0,0
gastroenteritis,1,0,0,0,0,0,1,1,0,0,0,0,0,0,0
gastroenteritis,0,0,0,0,0,1,1,0,0,0,0,0,0,1,0
pneumonia,1,1,0,0,0,0,0,0,0,0,0,0,0,0,0
pneumonia,1,1,0,0,0,0,0,0,0,0,1,0,0,0,0
pneumonia,1,1,0,0,0,0,0,0,0,0,1,0,0,0,0
pneumonia,1,0,0,0,0,0,0,0,0,0,0,0,0,0,0
pneumonia,1,1,0,0,0,0,0,0,0,0,1,0,0,0,0
pneumonia,1,1,0,0,0,0,0,0,0,0,1,0,1,0,0
pneumonia,1,1,0,0,0,1,0,0,0,0,1,0,1,0,0
pneumonia,1,1,0,0,0,0,0,0,0,0,1,0,1,0,0
pneumonia,1,1,0,0,1,0,0,0,0,0,1,0,1,0,0
pneumonia,1,1,0,0,0,0,0,0,0,0,1,1,1,0,0
pneumonia,1,1,0,0,0,0,0,0,0,0,1,0,1,0,0
pneumonia,0,1,0,0,0,0,0,0,0,0,1,0,1,0,1
pneumonia,0,0,0,0,0,0,0,0,0,0,1,0,1,0,0
pneumonia,1,1,0,0,0,1,1,0,0,0,1,0,1,0,0
pneumonia,1,1,0,1,0,0,0,0,0,0,1,0,0,0,0
pneumonia,0,1,0,0,0,0,0,0,0,0,1,0,1,0,0
pneumonia,1,1,1,0,0,0,0,0,0,0,0,0,0,0,0
pneumonia,1,0,0,1,0,0,0,1,0,0,1,0,1,0,0
pneumonia,0,1,0,0,0,0,0,0,0,0,1,0,0,0,0
pneumonia,1,1,0,0,0,0,1,0,1,0,0,0,1,0,0
pneumonia,1,1,0,1,0,0,0,0,0,0,0,0,0,0,0
pneumonia,1,1,0,0,0,0,0,0,0,0,1,0,1,0,0
pneumonia,1,1,0,0,0,0,0,0,0,0,0,0,0,0,0
pneumonia,1,1,0,0,0,0,1,0,0,0,1,0,1,0,0
pneumonia,0,1,0,0,0,0,0,1,0,0,1,1,1,0,0
pneumonia,1,1,0,0,0,0,0,0,0,0,1,0,1,0,0
pneumonia,1,1,0,0,0,0,0,0,0,0,0,1,1,0,0
pneumonia,1,1,0,0,0,0,0,0,0,0,1,0,1,0,0
pneumonia,0,1,0,0,0,0,0,0,0,0,1,0,0,0,0
pneumonia,1,1,0,1,0,0,0,0,0,0,0,0,1,0,0
pneumonia,1,1,0,0,0,0,0,0,0,0,1,0,0,0,0
pneumonia,1,1,0,0,0,0,0,0,0,0,0,0,1,0,1
pneumonia,1,0,0,0,0,0,0,0,0,0,0,0,0,0,0
pneumonia,1,1,0,0,0,1,0,0,0,0,1,0,0,1,0
pneumonia,1,1,0,0,0,0,0,0,0,0,1,0,0,0,0
pneumonia,1,1,1,0,0,1,0,0,0,0,0,0,1,0,0
pneumonia,1,0,0,0,0,0,0,0,0,0,1,0,0,0,0
pneumonia,1,1,0,0,0,0,0,0,0,0,1,0,1,0,0
pneumonia,1,1,0,0,1,0,0,0,0,0,1,0,0,1,0
pneumonia,1,1,0,0,0,0,0,0,0,0,1,0,1,0,0
pneumonia,1,1,0,0,0,0,0,0,0,0,1,0,1,0,0
pneumonia,1,1,0,0,0,0,0,0,0,0,0,0,1,0,0
pneumonia,1,1,0,0,0,0,0,0,0,0,1,0,0,0,0
pneumonia,1,1,0,0,0,0,0,0,0,0,1,0,1,0,0
pneumonia,0,0,0,0,0,0,0,0,0,0,0,0,0,0,0
pneumonia,1,1,1,0,0,0,0,0,0,0,1,0,0,0,0
pneumonia,1,1,0,0,0,0,0,0,0,0,0,0,1,1,0
pneumonia,1,1,0,1,0,0,0,0,0,0,1,0,0,0,0
pneumonia,1,1,0,0,0,0,0,0,0,0,0,0,0,0,0
pneumonia,1,1,0,0,0,0,0,0,0,0,1,0,1,0,0
pneumonia,1,1,0,0,0,0,0,0,0,0,0,0,0,0,0
pneumonia,1,1,0,0,0,0,0,0,0,0,1,0,1,0,0
pneumonia,0,1,1,0,1,0,0,0,0,0,1,0,1,0,0
pneumonia,1,1,0,0,0,0,0,0,0,0,1,0,0,0,0
pneumonia,0,1,0,0,0,0,0,0,0,0,1,0,1,0,0
pneumonia,1,1,0,0,0,0,0,0,0,0,0,0,1,0,0
pneumonia,1,1,0,0,0,0,0,0,0,1,1,0,0,0,0
pneumonia,1,0,0,0,0,0,0,0,0,0,1,0,0,0,0
pneumonia,1,1,0,0,0,0,0,0,0,0,1,0,1,0,0
pneumonia,1,1,1,0,0,0,0,0,0,0,1,0,1,0,0
pneumonia,1,1,0,0,0,0,0,0,0,0,1,0,1,0,0
pneumonia,1,1,0,0,0,0,0,0,1,0,0,0,0,0,0
pneumonia,0,1,0,1,0,0,0,1,0,0,1,0,1,0,0
pneumonia,0,1,1,1,0,0,0,0,0,0,1,0,0,0,0
pneumonia,0,1,0,0,0,0,0,0,0,0,1,0,1,0,0
pneumonia,1,1,0,0,0,0,0,0,0,0,1,0,1,0,0
pneumonia,1,1,1,0,0,0,0,0,0,0,1,0,1,0,0
pneumonia,1,1,0,0,0,0,1,0,0,0,0,0,1,0,0
pneumonia,1,1,0,0,0,0,0,0,0,0,1,0,0,0,0
pneumonia,1,1,0,0,0,0,0,0,0,0,0,0,0,0,0
pneumonia,0,1,0,0,0,0,0,0,0,0,1,0,0,0,0
pneumonia,1,1,0,0,0,0,1,1,1,0,1,0,1,0,0
pneumonia,0,1,0,0,0,0,0,0,0,0,1,0,0,0,0
pneumonia,1,1,0,0,0,0,0,0,0,0,1,0,1,0,0
pneumonia,1,1,0,0,0,0,0,0,0,0,1,0,0,0,1
pneumonia,1,1,0,0,0,0,0,0,0,0,1,0,1,0,0
pneumonia,1,0,0,0,0,0,0,0,0,0,1,0,0,0,0
pneumonia,0,1,1,0,0,0,0,0,0,0,1,0,1,0,0
pneumonia,1,1,0,0,0,0,0,0,0,0,1,0,1,0,1
pneumonia,1,1,0,0,0,0,0,0,0,0,1,0,0,0,0
conjunctivitis,0,0,0,0,0,0,0,0,0,0,0,0,0,0,1
conjunctivitis,0,0,0,0,1,0,0,0,0,0,0,0,0,0,1
conjunctivitis,0,0,0,0,1,0,0,0,0,0,0,0,0,0,1
conjunctivitis,0,0,0,0,0,0,0,0,0,0,1,0,0,0,1
conjunctivitis,0,0,0,0,0,0,0,0,0,0,0,0,0,0,0
conjunctivitis,0,0,0,0,0,0,0,0,1,0,0,0,0,0,0
conjunctivitis,0,0,0,0,0,0,0,0,0,0,0,0,0,1,1
conjunctivitis,0,0,0,0,0,0,1,0,0,0,0,0,0,0,1
conjunctivitis,0,0,0,0,1,0,0,0,0,0,0,0,0,0,1
conjunctivitis,0,0,0,0,0,0,0,0,0,0,0,0,0,0,1
conjunctivitis,0,0,0,0,0,0,0,0,0,0,0,1,0,0,1
conjunctivitis,0,0,0,0,0,0,0,0,0,0,0,0,1,0,1
conjunctivitis,0,0,0,0,0,0,0,0,0,0,0,0,0,0,1
conjunctivitis,0,0,0,0,1,0,0,0,0,0,1,0,0,0,1
conjunctivitis,0,0,0,0,0,0,0,0,0,0,0,0,0,0,1
conjunctivitis,0,0,0,0,0,0,0,0,0,0,0,0,0,0,0
conjunctivitis,0,0,0,0,1,0,0,1,0,0,1,0,0,0,1
conjunctivitis,1,0,0,0,0,0,0,0,0,0,0,0,0,0,1
conjunctivitis,0,0,0,0,0,0,0,0,0,0,0,0,0,0,1
conjunctivitis,0,0,0,0,0,0,0,0,0,1,0,0,0,0,1
conjunctivitis,0,0,0,0,0,0,0,0,0,0,0,0,0,0,1
conjunctivitis,1,0,0,0,0,0,0,0,0,0,0,0,0,0,1
conjunctivitis,1,0,0,0,0,0,0,0,0,0,0,0,0,0,1
conjunctivitis,0,0,0,0,0,0,0,0,0,0,0,0,0,0,1
conjunctivitis,1,0,0,0,1,0,0,0,0,0,0,0,0,0,0
conjunctivitis,1,0,0,0,0,0,0,0,0,0,0,0,1,0,1
conjunctivitis,0,0,0,0,0,0,0,0,0,0,0,0,0,0,1
conjunctivitis,0,0,0,0,1,0,0,0,1,1,0,0,0,0,1
conjunctivitis,0,1,0,0,0,0,0,0,0,0,0,0,0,0,1
conjunctivitis,1,0,0,0,0,0,0,0,0,0,0,0,0,0,1
conjunctivitis,0,1,0,0,1,0,0,1,0,0,0,0,0,0,1
conjunctivitis,1,0,0,0,0,0,0,0,0,0,0,0,0,0,1
conjunctivitis,0,0,0,0,0,0,0,0,0,0,0,0,0,0,1
conjunctivitis,1,0,0,0,0,0,0,1,0,0,0,0,0,0,1
conjunctivitis,0,0,1,0,1,0,0,0,0,0,1,0,0,0,1
conjunctivitis,0,0,0,0,0,0,0,0,0,0,0,0,0,0,1
conjunctivitis,0,0,0,0,0,0,0,0,0,0,1,0,0,0,1
conjunctivitis,0,0,0,0,0,0,0,0,0,0,0,0,0,0,1
conjunctivitis,0,0,0,0,0,0,0,0,0,0,0,0,0,0,1
conjunctivitis,0,0,0,0,0,1,0,1,0,0,0,1,0,0,1
conjunctivitis,0,0,0,0,0,0,0,0,0,0,0,0,0,0,1
conjunctivitis,0,0,0,0,0,0,0,0,0,0,0,0,0,1,1
conjunctivitis,0,1,0,0,0,0,0,0,0,0,0,1,0,0,0
conjunctivitis,1,0,0,0,0,0,0,0,0,0,0,0,0,0,1
conjunctivitis,0,0,0,0,1,0,0,0,0,0,0,0,0,0,1
conjunctivitis,0,0,0,0,0,0,0,0,0,0,0,0,0,0,1
conjunctivitis,0,0,0,0,0,0,0,0,0,0,1,0,0,0,1
conjunctivitis,0,0,1,0,0,0,0,0,0,0,0,0,0,0,1
conjunctivitis,0,0,0,0,0,1,0,0,0,0,0,0,0,0,1
conjunctivitis,1,0,0,0,1,0,0,0,0,0,0,0,0,0,1
conjunctivitis,0,0,0,0,0,0,0,0,0,0,0,0,0,0,1
conjunctivitis,0,0,0,0,1,0,0,0,0,0,0,0,0,0,1
conjunctivitis,1,0,0,0,1,0,0,0,0,1,0,1,0,0,1
conjunctivitis,0,0,0,0,1,0,0,0,0,0,0,0,0,0,1
conjunctivitis,1,0,0,0,0,0,0,0,0,0,0,0,0,0,1
conjunctivitis,0,0,0,0,1,0,1,0,0,0,0,0,0,0,1
conjunctivitis,0,0,0,0,0,0,1,0,0,0,0,0,0,0,1
conjunctivitis,0,0,0,0,0,0,0,0,0,0,0,0,0,0,1
conjunctivitis,0,0,0,0,0,0,0,0,0,0,0,0,0,0,1
conjunctivitis,0,0,0,0,0,0,0,0,0,0,0,0,0,0,1
conjunctivitis,0,0,0,0,0,0,0,0,0,0,0,0,0,1,1
conjunctivitis,0,0,0,0,0,0,0,0,0,0,0,0,0,0,1
conjunctivitis,0,0,0,0,0,1,1,0,0,0,0,0,0,0,1
conjunctivitis,0,0,0,0,0,0,0,0,0,0,0,0,0,1,1
conjunctivitis,0,0,0,0,1,0,0,0,0,1,0,0,0,0,1
conjunctivitis,0,0,0,0,0,0,0,0,1,0,0,0,0,0,1
conjunctivitis,0,0,0,0,0,0,0,0,0,0,0,0,0,0,1
conjunctivitis,0,0,0,0,1,0,0,0,0,0,0,0,0,1,1
conjunctivitis,0,0,0,0,0,0,0,0,0,0,0,0,0,0,1
conjunctivitis,1,0,0,0,0,1,0,0,0,0,0,0,0,0,1
conjunctivitis,0,0,0,0,0,0,0,0,0,0,0,0,0,0,1
conjunctivitis,0,0,0,0,1,0,0,1,0,0,0,0,0,0,1
conjunctivitis,0,0,0,0,1,0,0,0,0,0,0,0,0,0,1
conjunctivitis,0,0,0,0,0,0,0,0,0,0,0,0,0,0,1
conjunctivitis,0,0,0,0,0,0,0,0,0,0,0,0,0,0,1
conjunctivitis,0,0,0,0,0,0,0,0,0,0,0,0,0,0,1
conjunctivitis,0,0,0,0,0,0,0,0,0,0,0,0,0,0,1
conjunctivitis,1,0,0,0,0,0,0,0,0,0,0,0,1,0,1
conjunctivitis,1,0,0,0,1,0,0,1,0,0,1,0,0,0,0
conjunctivitis,0,0,0,0,0,0,0,0,0,0,1,1,0,0,1
croup,0,1,0,0,1,0,0,0,0,0,1,0,1,0,0
croup,1,1,0,0,0,0,0,0,0,0,1,0,0,0,0
croup,1,1,0,0,1,0,0,1,0,0,1,0,0,0,0
croup,1,1,0,0,0,0,0,0,0,0,1,0,0,0,0
croup,0,1,0,0,1,0,0,0,0,0,1,0,0,0,0
croup,1,1,0,0,0,0,0,0,1,0,1,0,0,0,0
croup,0,1,0,0,0,0,0,0,0,0,1,1,0,0,0
croup,1,1,0,0,0,1,0,0,0,1,1,0,0,0,0
croup,1,1,0,1,0,0,0,0,0,0,1,0,0,0,0
croup,0,1,0,0,0,0,0,0,0,1,1,0,0,0,0
croup,1,0,0,0,1,0,0,0,0,0,1,0,1,0,0
croup,1,1,0,0,1,0,0,0,0,0,1,0,0,0,0
croup,0,1,0,0,1,0,0,0,0,0,0,0,0,0,0
croup,1,1,0,0,0,0,0,0,0,0,0,0,0,0,0
croup,1,1,0,0,0,0,0,0,1,0,1,0,0,0,0
croup,1,1,0,0,0,1,0,0,0,0,1,0,0,0,0
croup,1,1,0,0,0,0,0,0,0,0,0,0,0,0,0
croup,1,1,0,0,1,0,0,0,1,0,1,0,0,0,0
croup,1,1,0,0,0,0,0,1,0,0,1,0,1,0,0
croup,1,1,0,0,0,0,0,0,0,0,0,0,0,0,0
croup,1,1,0,0,0,0,0,0,0,0,1,1,0,0,0
croup,0,1,0,0,1,0,0,0,0,0,0,0,0,0,0
croup,0,1,0,0,0,0,0,0,0,1,1,0,0,0,0
croup,1,1,1,0,1,0,0,0,0,0,1,0,0,1,0
croup,1,1,0,0,1,0,0,0,1,0,0,0,0,0,0
croup,0,1,0,0,0,1,0,0,0,0,0,1,0,0,0
croup,1,0,0,0,0,0,0,0,0,0,1,0,0,0,0
croup,0,1,0,0,1,0,0,0,0,0,1,0,0,0,0
croup,0,1,0,0,1,0,0,0,0,0,1,0,0,0,0
croup,0,1,0,0,0,0,0,0,0,0,1,0,0,0,0
croup,0,1,0,0,1,0,0,0,0,0,1,0,0,0,0
croup,1,1,0,0,0,0,0,0,0,0,1,0,0,1,1
croup,0,1,0,0,1,0,0,0,0,0,0,0,1,0,0
croup,1,1,0,0,1,0,0,0,0,0,1,0,0,0,0
croup,1,1,0,0,0,0,0,0,0,0,1,0,0,0,0
croup,0,1,0,0,0,0,0,0,0,0,1,0,0,0,0
croup,1,1,0,0,1,0,0,0,1,0,1,0,0,0,0
croup,0,1,0,0,1,0,0,0,0,0,1,0,0,0,0
croup,1,0,0,0,1,0,0,0,0,0,1,0,0,0,0
croup,0,1,0,0,0,0,0,0,0,0,1,0,0,0,0
croup,0,1,0,0,0,0,0,0,0,1,0,0,0,0,0
croup,1,0,0,0,1,0,0,0,0,0,1,0,0,0,0
croup,1,1,0,0,0,0,0,0,0,0,1,0,0,0,1
croup,0,1,0,0,0,0,0,0,0,0,1,0,0,0,0
croup,0,1,0,0,0,0,0,0,0,0,1,0,0,0,0
croup,0,1,0,0,0,0,0,0,0,0,1,0,0,0,0
croup,1,0,0,0,0,0,0,0,0,0,1,0,0,0,0
croup,1,1,0,0,0,0,0,0,0,0,0,1,0,0,0
croup,1,1,0,0,1,0,0,0,0,0,1,0,0,0,0
croup,1,0,1,0,0,0,0,0,0,0,1,0,0,0,0
croup,1,1,0,0,0,0,0,0,0,0,1,0,0,0,0
croup,0,1,1,0,1,0,0,0,0,0,1,0,0,0,0
croup,1,1,0,0,0,1,0,0,0,0,1,0,0,0,1
croup,1,1,0,0,0,0,0,0,0,0,0,0,0,0,0
croup,1,0,0,0,0,0,0,0,0,0,0,0,0,0,0
croup,0,1,0,0,1,0,1,0,1,0,1,0,0,0,0
croup,1,1,0,0,1,0,0,0,0,0,1,1,0,0,0
croup,0,0,0,0,1,0,0,0,0,0,1,0,0,0,0
croup,0,1,0,0,0,0,0,0,0,0,0,0,0,0,0
croup,1,1,0,0,0,0,0,0,0,0,1,0,0,0,1
croup,0,1,0,0,0,0,0,0,0,0,1,0,0,0,0
croup,1,1,0,0,1,0,0,0,0,0,1,0,0,0,0
croup,1,1,0,0,0,0,0,0,0,0,1,0,0,0,0
croup,1,1,0,0,0,1,0,0,1,0,1,0,0,1,0
croup,1,0,0,0,0,0,0,0,0,0,1,0,0,0,0
croup,1,1,0,0,0,0,0,0,0,0,1,0,0,0,0
croup,1,1,0,0,1,0,0,0,0,0,0,0,0,0,0
croup,0,1,0,0,1,0,0,0,1,0,1,0,0,0,0
croup,0,1,0,0,1,0,0,0,0,0,0,0,0,0,0
croup,1,1,0,0,1,0,0,0,0,0,1,0,0,0,0
croup,1,1,0,0,0,0,0,0,0,0,0,0,0,0,1
croup,0,1,0,0,0,0,0,0,0,0,1,0,0,0,0
croup,0,1,0,0,0,0,0,0,0,0,1,0,0,0,0
croup,1,0,1,0,0,0,0,0,0,0,1,0,0,0,0
croup,0,1,0,0,1,0,0,0,0,0,0,0,0,0,0
croup,1,1,0,1,1,0,0,0,0,0,1,0,0,0,0
croup,0,0,0,0,0,0,0,0,0,0,0,0,0,0,0
croup,1,0,0,0,1,0,0,0,0,0,0,0,0,0,0
croup,1,1,0,0,0,0,0,0,0,0,1,0,0,0,0
croup,0,1,0,0,0,0,0,0,0,0,1,0,0,0,0
